"Ship name"	"\"ACCORD\""
"Ship name"	"\"HAEYANG\""
"Ship name"	"\"EPIC WAJA\""
"Ship name"	"\"SAMNOY\""
"Ship name"	"\"XIN RONG HAI 11\""
"Ship name"	"\"LIR\""
"Ship name"	"\"KAITAKI\""
"Ship name"	"\"ZILVERMEEUW 2\""
"Ship name"	"\"ICON\""
"Ship name"	"\"ELOQUENCE\""
"Ship name"	"\"NAMDO\""
"Ship name"	"\"WADDENZEE\""
"Ship name"	"\"CASTORO SEI\""
"Ship name"	"\"POLARFANGST\""
"Ship name"	"\"PROMISE\""
"Ship name"	"\"WON3 VERTROUWEN\""
"Ship name"	"\"ROBYN J\""
"Ship name"	"\"AYRTON II\""
"Ship name"	"\"MARUS\""
"Ship name"	"\"ZHE PU GONG 2019\""
"Ship name"	"\"CITY SUPPLIER\""
"Ship name"	"\"JANE A.BOUCHARD\""
"Ship name"	"\"CURLEW\""
"Ship name"	"\"GRAND CRU\""
"Ship name"	"\"SLC-02\""
"Ship name"	"\"RUNNING ON WAVES\""
"Ship name"	"\"SANGHA\""
"Ship name"	"\"SYSTOLE\""
"Ship name"	"\"NIEDERSACHSEN2\""
"Ship name"	"\"MORVIL\""
"Ship name"	"\"ROYAL PRINCESS\""
"Ship name"	"\"OVING 1\""
"Ship name"	"\"HOPE\""
"Ship name"	"\"KAISHINMARU\""
"Ship name"	"\"JINYANG5\""
"Ship name"	"\"MARAYA\""
"Ship name"	"\"DEJO B\""
"Ship name"	"\"HRINGHORNI -NOR14209\""
"Ship name"	"\"SC 4878 C\""
"Ship name"	"\"ACCOMODATION PLAT 1\""
"Ship name"	"\"NORDENHAM\""
"Ship name"	"\"BETUWE\""
"Ship name"	"\"URANUS\""
"Ship name"	"\"RIANXO\""
"Ship name"	"\"OBELYAY\""
"Ship name"	"\"LCC VII\""
"Ship name"	"\"ODYSSEY III\""
"Ship name"	"\"KUNGSHATT\""
"Ship name"	"\"LONG SHENG YONG YUN\""
"Ship name"	"\"RODIE 2\""
"Ship name"	"\"HAKUNAMA\""
"Ship name"	"\"QUO VADIS\""
"Ship name"	"\"OCEAN FLYER\""
"Ship name"	"\"STERN\""
"Ship name"	"\"PRIME MOVER\""
"Ship name"	"\"BON SECOURS 7\""
"Ship name"	"\"SEA BRILLANCE\""
"Ship name"	"\"FROY SERVER\""
"Ship name"	"\"SJOUWER\""
"Ship name"	"\"PRESIDENT VAN HEEL\""
"Ship name"	"\"JUN HE\""
"Ship name"	"\"BERKAY N\""
"Ship name"	"\"EMPRESS III\""
"Ship name"	"\"FAR SEEKER\""
"Ship name"	"\"HYDRA\""
"Ship name"	"\"ISOLA BELLA\""
"Ship name"	"\"MATTERHORN SPIRIT\""
"Ship name"	"\"C. INNOVATOR\""
"Ship name"	"\"ALJA\""
"Ship name"	"\"CAPT RICHARD\""
"Ship name"	"\"LEB 15\""
"Ship name"	"\"MARION MORAN\""
"Ship name"	"\"HAMMONIA\""
"Ship name"	"\"FMG MAKO\""
"Ship name"	"\"FEDERAL OSHIMA\""
"Ship name"	"\"ISE PRINCESS\""
"Ship name"	"\"ISLA SALAMANCA\""
"Ship name"	"\"CG THUNDER BAY\""
"Ship name"	"\"PIONEERING SPIRIT\""
"Ship name"	"\"CAP D AUNIS\""
"Ship name"	"\"UKKO\""
"Ship name"	"\"YIHANGJUN598\""
"Ship name"	"\"LIGHT HOLIC\""
"Ship name"	"\"LIEVEN BAUWENS\""
"Ship name"	"\"COURAGE\""
"Ship name"	"\"RONG JIA\""
"Ship name"	"\"LELA FRANCO\""
"Ship name"	"\"INDEPENDENCE\""
"Ship name"	"\"ROSE MACKENZIE\""
"Ship name"	"\"ITALO N\""
"Ship name"	"\"PROGRESS II\""
"Ship name"	"\"LAMAYDAY\""
"Ship name"	"\"BRIBIE 2\""
"Ship name"	"\"PORTALS VELLS\""
"Ship name"	"\"SP CORAL\""
"Ship name"	"\"YONG AN 2299\""
"Ship name"	"\"CARTHAGO DOS\""
"Ship name"	"\"ELENA VE\""
"Ship name"	"\"OSTBORG\""
"Ship name"	"\"DETTMER TANK 126\""
